title,company,url
플러터 Flutter 개발자,투어라이브,https://www.wanted.co.kr/wd/149415
클라이언트팀 Flutter 개발자,로완,https://www.wanted.co.kr/wd/235819
Flutter 개발자,코보시스,https://www.wanted.co.kr/wd/99737
React Native(Flutter) Frontend Engineer,보닥(아이지넷),https://www.wanted.co.kr/wd/225274
Flutter 개발자,섬재,https://www.wanted.co.kr/wd/236396
Flutter Engineer,아코테컨설팅,https://www.wanted.co.kr/wd/234426
Flutter 모바일 개발,인피니티익스체인지코리아,https://www.wanted.co.kr/wd/230172
Flutter App 개발자,제네시스네스트,https://www.wanted.co.kr/wd/232666
플러터 Flutter 개발자,투어라이브,https://www.wanted.co.kr/wd/149415
클라이언트팀 Flutter 개발자,로완,https://www.wanted.co.kr/wd/235819
Flutter 개발자,코보시스,https://www.wanted.co.kr/wd/99737
React Native(Flutter) Frontend Engineer,보닥(아이지넷),https://www.wanted.co.kr/wd/225274
Flutter 개발자,섬재,https://www.wanted.co.kr/wd/236396
Flutter Engineer,아코테컨설팅,https://www.wanted.co.kr/wd/234426
Flutter 모바일 개발,인피니티익스체인지코리아,https://www.wanted.co.kr/wd/230172
Flutter App 개발자,제네시스네스트,https://www.wanted.co.kr/wd/232666
Flutter / JavaScript 프런트 개발자,브레인다이브,https://www.wanted.co.kr/wd/233222
플러터 개발자,피에트(FIET),https://www.wanted.co.kr/wd/209183
Flutter developer,패러다임시프트,https://www.wanted.co.kr/wd/232941
Front-end 개발자(Flutter/앱) (7년이상),먼슬리키친,https://www.wanted.co.kr/wd/216792
Flutter 앱 & Node.js 개발자(신입 지원가능),인졀미,https://www.wanted.co.kr/wd/210056
플러터 웹 개발자,에이치아아티,https://www.wanted.co.kr/wd/234089
Flutter 앱 개발자 (시니어),트리플콤마(골드스푼),https://www.wanted.co.kr/wd/228740
렌탈 서비스 개발 프로젝트 Flutter 개발자 (고급),이그레브,https://www.wanted.co.kr/wd/226388
Senior Flutter 앱 개발자 (3년 이상),테이블매니저,https://www.wanted.co.kr/wd/227073
Flutter 앱 개발자 (3년 이상),에픽코퍼레이션,https://www.wanted.co.kr/wd/223522
Flutter 개발자 (병역특례_현역/보충역),넛지헬스케어(캐시워크),https://www.wanted.co.kr/wd/168259
Flutter/AOS 앱 개발자,에임(AIM),https://www.wanted.co.kr/wd/2448
Flutter 앱 & Node.js 개발자,인졀미,https://www.wanted.co.kr/wd/210107
Flutter 앱 개발자 (2~5년),소너비스,https://www.wanted.co.kr/wd/229958
플러터 개발자 (3년 이상),더블유클럽,https://www.wanted.co.kr/wd/73811
플러터 개발자 (3년 이상),다이노즈,https://www.wanted.co.kr/wd/203296
Flutter 모바일 개발,버터플라잉,https://www.wanted.co.kr/wd/215084
Flutter 크로스플랫폼 앱 개발자,케이엠파킹앤스페이스,https://www.wanted.co.kr/wd/235382
프론트엔드 개발자 (React-native / flutter),아파트멘터리,https://www.wanted.co.kr/wd/165183
플러터 개발자,모노리스,https://www.wanted.co.kr/wd/194856
Mobile (Flutter) 개발자,큐픽스,https://www.wanted.co.kr/wd/207359
디지털물류플랫폼 모바일(Flutter) 엔지니어,씨제이대한통운(CJ대한통운),https://www.wanted.co.kr/wd/124449
[Plus]Flutter 개발자,앤서스랩코리아,https://www.wanted.co.kr/wd/235706
"프론트엔드 개발 엔지니어 (React, Flutter)",크로커스,https://www.wanted.co.kr/wd/223111
모바일 클라이언트(flutter) 개발자,스쿨버스,https://www.wanted.co.kr/wd/201909
Flutter(모바일 앱) 개발자 (병역특례 가능),위버케어,https://www.wanted.co.kr/wd/230648
모바일 앱 소프트웨어 개발 (Flutter / iOS / Android),블록체인랩스,https://www.wanted.co.kr/wd/138923
Flutter 앱 개발자,비사이드코리아,https://www.wanted.co.kr/wd/120367
프론트엔드 개발자 (Flutter),111퍼센트,https://www.wanted.co.kr/wd/218337
"프론트엔드 / 모바일 (Vue, Flutter) 엔지니어",드래프티파이,https://www.wanted.co.kr/wd/220132
프론트엔드(web/플러터) 엔지니어(판교),피플밤,https://www.wanted.co.kr/wd/220848
사이니지 프랜차이즈 고객 대상 기술 및 일반영업 담당자,사운드그래프,https://www.wanted.co.kr/wd/229545
프론트엔드 개발자,고트헤이븐,https://www.wanted.co.kr/wd/237256
백엔드 개발자,고트헤이븐,https://www.wanted.co.kr/wd/237277
COO (Chief Operation Officer) (최고운영 책임자),인터엑스,https://www.wanted.co.kr/wd/235749
딥러닝 알고리즘 엔지니어,블루닷,https://www.wanted.co.kr/wd/56969
브랜드 매니저(10년 이상),고퀄(GOQUAL),https://www.wanted.co.kr/wd/236424
비전 알고리즘 개발자,와따,https://www.wanted.co.kr/wd/232908
운영팀 직원 (서비스운영 및 고객상담),유핀테크허브(유트랜스퍼),https://www.wanted.co.kr/wd/226384
사이니지 프랜차이즈 고객 대상 기술 및 일반영업 담당자,사운드그래프,https://www.wanted.co.kr/wd/229545
프론트엔드 개발자,고트헤이븐,https://www.wanted.co.kr/wd/237256
백엔드 개발자,고트헤이븐,https://www.wanted.co.kr/wd/237277
COO (Chief Operation Officer) (최고운영 책임자),인터엑스,https://www.wanted.co.kr/wd/235749
딥러닝 알고리즘 엔지니어,블루닷,https://www.wanted.co.kr/wd/56969
브랜드 매니저(10년 이상),고퀄(GOQUAL),https://www.wanted.co.kr/wd/236424
비전 알고리즘 개발자,와따,https://www.wanted.co.kr/wd/232908
운영팀 직원 (서비스운영 및 고객상담),유핀테크허브(유트랜스퍼),https://www.wanted.co.kr/wd/226384
B2B 세일즈 및 고객(리드) 발굴,누벤트,https://www.wanted.co.kr/wd/221369
[런드리24사업부문] 사업개발팀 팀장,의식주컴퍼니(런드리고),https://www.wanted.co.kr/wd/236996
[오퍼레이터] 출고/소싱관리 및 고객 CS,에픽코퍼레이션,https://www.wanted.co.kr/wd/235955
글로벌 퍼포먼스 마케터 팀리드 - 5년 이상 (광고사업부),매드업,https://www.wanted.co.kr/wd/222559
바이오인식 / OCR 알고리즘 개발,엑스페릭스,https://www.wanted.co.kr/wd/227802
광고운영담당,키즈노트,https://www.wanted.co.kr/wd/234963
고객/계약 관리 매니저,하이퍼리즘,https://www.wanted.co.kr/wd/215336
런드리24 매장관리 담당자,의식주컴퍼니(런드리고),https://www.wanted.co.kr/wd/226655
[슬리피노]SNS광고 영상 제작PD,발루코퍼레이션,https://www.wanted.co.kr/wd/233985
"Customer Experience Manager (CS/CX, 고객상담)",논픽션,https://www.wanted.co.kr/wd/237233
최고마케팅책임자(CMO),메디이뮨,https://www.wanted.co.kr/wd/215804
광고플랫폼 사업기획,퍼즐벤처스(PuzzlesVenturesCo.),https://www.wanted.co.kr/wd/137679
서비스 기획자,디카르고,https://www.wanted.co.kr/wd/230904
"인공지능, 알고리즘 엔지니어",럭스로보(LUXROBO),https://www.wanted.co.kr/wd/233519
퍼포먼스 마케터(팀장) (브랜드엑셀러레이팅사업부/광고운영팀),테크랩스,https://www.wanted.co.kr/wd/227661
서버 개발자(Laravel),올룰로(킥고잉),https://www.wanted.co.kr/wd/231186
생성형 AI Engineer (광고사업부),매드업,https://www.wanted.co.kr/wd/222883
비전 알고리즘 개발,에이치비솔루션,https://www.wanted.co.kr/wd/233194
백엔드 개발자,알고케어,https://www.wanted.co.kr/wd/236400
퍼포먼스 마케터(AE) - 팀리드 (광고사업부),매드업,https://www.wanted.co.kr/wd/222562
브랜드 매니저(5년 이상),고퀄(GOQUAL),https://www.wanted.co.kr/wd/231701
Backend Developer (팀 리더),버티고우게임즈 (Vertigo Games),https://www.wanted.co.kr/wd/227755
디지털 광고 디자이너 (광고사업부),매드업,https://www.wanted.co.kr/wd/222555
블록체인 devops 개발자,디카르고,https://www.wanted.co.kr/wd/229117
런드리24 매장개설 담당자,의식주컴퍼니(런드리고),https://www.wanted.co.kr/wd/227902
Django 풀 스택 개발자 (보충역 편입/전직),오픈갤러리,https://www.wanted.co.kr/wd/223589
모션 디자이너 (광고사업부),매드업,https://www.wanted.co.kr/wd/222558
Sr. 재무기획 담당자,의식주컴퍼니(런드리고),https://www.wanted.co.kr/wd/230043
고객지원팀 CS 매니저,와이어바알리(wirebarley),https://www.wanted.co.kr/wd/233406
사업개발 매니저,고퀄(GOQUAL),https://www.wanted.co.kr/wd/224734
카피라이터 (광고사업부),매드업,https://www.wanted.co.kr/wd/222567
콘텐츠 마케터 팀리드 (광고사업부),매드업,https://www.wanted.co.kr/wd/227374
블록체인 기술 개발자,디카르고,https://www.wanted.co.kr/wd/204798
최고전략책임자(CSO),메디이뮨,https://www.wanted.co.kr/wd/215792
Computer vision 알고리즘 개발,클라모스,https://www.wanted.co.kr/wd/234653
퍼포먼스 마케터(AE) - 3년 이상 (광고사업부),매드업,https://www.wanted.co.kr/wd/222553
Jr. 재무기획 담당자,의식주컴퍼니(런드리고),https://www.wanted.co.kr/wd/231922
TA Manager,망고부스트,https://www.wanted.co.kr/wd/236075
퍼포먼스/디지털 마케터,고퀄(GOQUAL),https://www.wanted.co.kr/wd/225575
[미뇽맨션] 인형 제품 디자이너,에고이즘,https://www.wanted.co.kr/wd/231203
Python 개발자,버블콘,https://www.wanted.co.kr/wd/227687
시니어 파이썬 백엔드 엔지니어,알로카도스,https://www.wanted.co.kr/wd/232077
백엔드 개발자 (Python),바로팜,https://www.wanted.co.kr/wd/236055
파이썬(Python)  백엔드 개발 (3년 이상),이글루코퍼레이션,https://www.wanted.co.kr/wd/230142
커머스 마케팅 솔루션 Python Backend 리드,샐러드랩,https://www.wanted.co.kr/wd/209397
백엔드 엔지니어 (Python),엘리스,https://www.wanted.co.kr/wd/57878
(AI 서비스) 자연어처리(NLP)/ Python 엔진 개발,아일리스프런티어(ailysfrontier),https://www.wanted.co.kr/wd/231720
파이썬 백엔드 개발자,에이드파트너스,https://www.wanted.co.kr/wd/221445
Python 개발자,버블콘,https://www.wanted.co.kr/wd/227687
시니어 파이썬 백엔드 엔지니어,알로카도스,https://www.wanted.co.kr/wd/232077
백엔드 개발자 (Python),바로팜,https://www.wanted.co.kr/wd/236055
파이썬(Python)  백엔드 개발 (3년 이상),이글루코퍼레이션,https://www.wanted.co.kr/wd/230142
커머스 마케팅 솔루션 Python Backend 리드,샐러드랩,https://www.wanted.co.kr/wd/209397
백엔드 엔지니어 (Python),엘리스,https://www.wanted.co.kr/wd/57878
(AI 서비스) 자연어처리(NLP)/ Python 엔진 개발,아일리스프런티어(ailysfrontier),https://www.wanted.co.kr/wd/231720
파이썬 백엔드 개발자,에이드파트너스,https://www.wanted.co.kr/wd/221445
python 백앤드개발자,블록스퀘어서울,https://www.wanted.co.kr/wd/233060
파이썬 개발자 [커넥트팀],원티드랩,https://www.wanted.co.kr/wd/236544
"NestJS, Python 백엔드 팀장",씨에스엠17,https://www.wanted.co.kr/wd/218163
글로벌 백엔드 엔지니어 (Python),엘리스,https://www.wanted.co.kr/wd/182859
Python Backend Engineer,에임(AIM),https://www.wanted.co.kr/wd/2447
백엔드 엔지니어 (Python/Django),뮤즈라이브(Muzlive),https://www.wanted.co.kr/wd/18295
"[전문연구요원 가능] C/C++, Python 로봇 제어 개발자 (신입)",메디인테크,https://www.wanted.co.kr/wd/147487
리드 개발자 (Python/Rust),베링랩,https://www.wanted.co.kr/wd/206209
풀스택 웹 개발자 (Python/Django),웜블러드,https://www.wanted.co.kr/wd/142233
[개발] JAVA/Python 개발(7년차 이상),아이알큐더스,https://www.wanted.co.kr/wd/213909
백엔드 리드 엔지니어 (Python),엘리스,https://www.wanted.co.kr/wd/230306
"백엔드 개발자 Node.js, Python/5년 이상",딥세일즈,https://www.wanted.co.kr/wd/211459
"[전문연구요원 가능] C/C++, Python 로봇 제어 개발자",메디인테크,https://www.wanted.co.kr/wd/100407
이커머스 솔루션 Python Backend 개발자,샐러드랩,https://www.wanted.co.kr/wd/201877
파이썬 개발자 [채용솔루션팀],원티드랩,https://www.wanted.co.kr/wd/230201
Back-End (Python) 개발자,미니레코드,https://www.wanted.co.kr/wd/233284
파이썬(Python) 개발자 - 병역특례,에잇퍼센트(8PERCENT),https://www.wanted.co.kr/wd/226155
백엔드 엔지니어 (Python),아이네블루메(채티),https://www.wanted.co.kr/wd/60926
파이썬(Python) 개발자,에잇퍼센트(8PERCENT),https://www.wanted.co.kr/wd/224963
Python application & Algorithm 개발자,메디픽셀,https://www.wanted.co.kr/wd/190006
Python / 서버 백엔드 개발자,브레인다이브,https://www.wanted.co.kr/wd/233224
[플레이오] Python 백엔드 개발,지엔에이컴퍼니,https://www.wanted.co.kr/wd/193602
[Python] Back-end Developer,단비교육,https://www.wanted.co.kr/wd/236175
Python Django 기반 서버 개발,블리몽키즈,https://www.wanted.co.kr/wd/184372
Python Back-end Engineer,올거나이즈코리아(Allganize Korea),https://www.wanted.co.kr/wd/160068
백엔드 개발자 (python),피알앤디컴퍼니(헤이딜러),https://www.wanted.co.kr/wd/59335
[신입] 백엔드 엔지니어 (Python),엘리스,https://www.wanted.co.kr/wd/162405
파이썬 프로그램 개발자,뉴로다임,https://www.wanted.co.kr/wd/231640
Python Django 백엔드 개발자,똑똑한개발자,https://www.wanted.co.kr/wd/100997
백엔드 엔지니어 (Python),버핏서울,https://www.wanted.co.kr/wd/197592
데이터 엔지니어 (Python),핀다(FINDA),https://www.wanted.co.kr/wd/180080
[인텔리전스랩스] 선행프로덕트팀 백엔드 개발자 (Python/Go),넥슨코리아(NEXON),https://www.wanted.co.kr/wd/211877
[인텔리전스랩스] 소셜메이킹팀 백엔드 개발자 (Python),넥슨코리아(NEXON),https://www.wanted.co.kr/wd/205855
[인텔리전스랩스] MLOps팀 백엔드 개발자 (Python/Go),넥슨코리아(NEXON),https://www.wanted.co.kr/wd/151721
